Date,Hour,Value,MonthBlock,IsCancelled,IsPrivate
2025-01-01,13:00:00,H,1,0,0
2025-01-01,13:00:00,L,1,0,0
2025-01-02,13:00:00,H,1,0,0
2025-01-02,13:00:00,L,1,0,0
2025-01-02,13:00:00,P,1,0,0
2025-01-03,13:00:00,H,1,0,0
2025-01-03,13:00:00,L,1,0,0
2025-01-04,13:00:00,H,1,0,0
2025-01-05,13:00:00,H,1,0,0
2025-01-06,13:00:00,CANCELLED,1,1,0
2025-01-07,13:00:00,H,1,0,0
2025-01-07,13:00:00,L,1,0,0
2025-01-08,13:00:00,H,1,0,0
2025-01-09,13:00:00,H,1,0,0
2025-01-10,13:00:00,H,1,0,0
2025-01-11,13:00:00,H,1,0,0
2025-01-12,13:00:00,H,1,0,0
2025-01-12,13:00:00,P,1,0,0
2025-01-13,13:00:00,H,1,0,0
2025-01-13,13:00:00,L,1,0,0
2025-01-14,13:00:00,H,1,0,0
2025-01-14,13:00:00,L,1,0,0
2025-01-15,13:00:00,H,1,0,0
2025-01-15,13:00:00,L,1,0,0
2025-01-16,13:00:00,H,1,0,0
2025-01-16,13:00:00,L,1,0,0
2025-01-16,13:00:00,P,1,0,0
2025-01-17,13:00:00,H,1,0,0
2025-01-18,13:00:00,H,1,0,0
2025-01-19,13:00:00,H,1,0,0
2025-01-20,13:00:00,H,1,0,0
2025-01-21,13:00:00,H,1,0,0
2025-01-22,13:00:00,H,1,0,0
2025-01-23,13:00:00,H,1,0,0
2025-01-24,13:00:00,H,1,0,0
2025-01-25,13:00:00,P,1,0,0
2025-01-25,13:00:00,H,1,0,0
2025-01-26,13:00:00,H,1,0,0
2025-01-27,13:00:00,WBD,1,0,0
2025-01-28,13:00:00,H,1,0,0
2025-01-29,13:00:00,H,1,0,0
2025-01-30,13:00:00,CANCELLED,1,1,0
2025-01-31,13:00:00,CANCELLED,1,1,0
2025-02-22,09:00:00,H,2,0,0
2025-02-23,09:00:00,CANCELLED,2,1,0
2031-02-24,09:00:00,CANCELLED,2,1,0
2025-02-25,09:00:00,CANCELLED,2,1,0
2025-02-26,09:00:00,H,2,0,0
2025-02-26,09:00:00,P,2,0,0
2025-02-26,09:00:00,WBD,2,0,0
2025-02-27,09:00:00,CANCELLED,2,1,0
2025-02-28,09:00:00,CANCELLED,2,1,0
2025-02-01,13:00:00,H,2,0,0
2025-02-02,13:00:00,H,2,0,0
2025-02-03,13:00:00,CANCELLED,2,1,0
2025-02-04,13:00:00,CANCELLED,2,1,0
2025-02-05,13:00:00,CANCELLED,2,1,0
2025-02-06,13:00:00,CANCELLED,2,1,0
2025-02-07,13:00:00,H,2,0,0
2025-02-07,13:00:00,L,2,0,0
2025-02-07,13:00:00,P,2,0,0
2025-02-08,13:00:00,H,2,0,0
2025-02-09,13:00:00,H,2,0,0
2025-02-10,13:00:00,H,2,0,0
2025-02-11,13:00:00,H,2,0,0
2025-02-11,13:00:00,L,2,0,0
2025-02-12,13:00:00,H,2,0,0
2025-02-12,13:00:00,L,2,0,0
2025-02-13,13:00:00,H,2,0,0
2025-02-14,13:00:00,H,2,0,0
2025-02-14,13:00:00,L,2,0,0
2025-02-15,13:00:00,H,2,0,0
2025-02-16,13:00:00,H,2,0,0
2025-02-17,13:00:00,H,2,0,0
2025-02-17,13:00:00,WBD,2,0,0
2025-02-17,13:00:00,L,2,0,0
2025-02-18,13:00:00,H,2,0,0
2025-02-19,13:00:00,H,2,0,0
2025-02-19,13:00:00,WBD,2,0,0
2025-02-20,13:00:00,H,2,0,0
2025-02-21,13:00:00,H,2,0,0
2025-02-22,13:00:00,H,2,0,0
2025-02-23,13:00:00,H,2,0,0
2031-02-24,13:00:00,H,2,0,0
2025-02-25,13:00:00,H,2,0,0
2025-02-25,13:00:00,L,2,0,0
2025-02-26,13:00:00,H,2,0,0
2025-02-27,13:00:00,H,2,0,0
2025-02-27,13:00:00,WBD,2,0,0
2025-02-28,13:00:00,CANCELLED,2,1,0
2025-03-01,09:00:00,CANCELLED,3,1,0
2025-03-02,09:00:00,CANCELLED,3,1,0
2025-03-03,09:00:00,CANCELLED,3,1,0
2025-03-04,09:00:00,CANCELLED,3,1,0
2025-03-05,09:00:00,CANCELLED,3,1,0
2025-03-06,09:00:00,H,3,0,0
2025-03-07,09:00:00,H,3,0,0
2025-03-07,09:00:00,WBD,3,0,0
2025-03-08,09:00:00,H,3,0,0
2025-03-08,09:00:00,WBD,3,0,0
2025-03-09,09:00:00,H,3,0,0
2025-03-10,09:00:00,H,3,0,0
2025-03-10,09:00:00,M,3,0,0
2025-03-10,09:00:00,WBD,3,0,0
2025-03-11,09:00:00,H,3,0,0
2025-03-11,09:00:00,WBD,3,0,0
2025-03-12,09:00:00,H,3,0,0
2025-03-12,09:00:00,WBD,3,0,0
2025-03-13,09:00:00,CANCELLED,3,1,0
2025-03-14,09:00:00,H,3,0,0
2025-03-14,09:00:00,S,3,0,0
2025-03-15,09:00:00,H,3,0,0
2025-03-16,09:00:00,H,3,0,0
2025-03-16,09:00:00,WBD,3,0,0
2025-03-17,09:00:00,WBD,3,0,0
2025-03-18,09:00:00,H,3,0,0
2025-03-19,09:00:00,M,3,0,0
2025-03-20,09:00:00,M,3,0,0
2025-03-21,09:00:00,M,3,0,0
2025-03-22,09:00:00,M,3,0,0
2025-03-23,09:00:00,M,3,0,0
2025-03-23,09:00:00,WBD,3,0,0
2025-03-23,09:00:00,P,3,0,0
2025-03-24,09:00:00,EK,3,0,0
2025-03-25,09:00:00,P,3,0,0
2025-03-26,09:00:00,WBD,3,0,0
2025-03-27,09:00:00,EK,3,0,0
2025-03-28,09:00:00,M,3,0,0
2025-03-28,09:00:00,WBD,3,0,0
2025-03-29,09:00:00,WBD,3,0,0
2025-03-29,09:00:00,M,3,0,0
2025-03-30,09:00:00,EK,3,0,0
2025-03-31,09:00:00,CANCELLED,3,1,0
2025-03-01,13:00:00,CANCELLED,3,1,0
2025-03-02,13:00:00,CANCELLED,3,1,0
2025-03-03,13:00:00,CANCELLED,3,1,0
2025-03-04,13:00:00,CANCELLED,3,1,0
2025-03-05,13:00:00,H,3,0,0
2025-03-05,13:00:00,WBD,3,0,0
2025-03-06,13:00:00,H,3,0,0
2025-03-06,13:00:00,WBD,3,0,0
2025-03-07,13:00:00,H,3,0,0
2025-03-07,13:00:00,WBD,3,0,0
2025-03-08,13:00:00,H,3,0,0
2025-03-08,13:00:00,WBD,3,0,0
2025-03-09,13:00:00,H,3,0,0
2025-03-09,13:00:00,M,3,0,0
2025-03-09,13:00:00,WBD,3,0,0
2025-03-10,13:00:00,H,3,0,0
2025-03-10,13:00:00,WBD,3,0,0
2025-03-11,13:00:00,H,3,0,0
2025-03-11,13:00:00,M,3,0,0
2025-03-12,13:00:00,M,3,0,0
2025-03-13,13:00:00,H,3,0,0
2025-03-13,13:00:00,WBD,3,0,0
2025-03-14,13:00:00,WBD,3,0,0
2025-03-15,13:00:00,EK,3,0,0
2025-03-16,13:00:00,H,3,0,0
2025-03-16,13:00:00,O,3,0,0
2025-03-17,13:00:00,WBD,3,0,0
2025-03-18,13:00:00,H,3,0,0
2025-03-18,13:00:00,WBD,3,0,0
2025-03-19,13:00:00,M,3,0,0
2025-03-20,13:00:00,EK,3,0,0
2025-03-21,13:00:00,M,3,0,0
2025-03-21,13:00:00,P,3,0,0
2025-03-22,13:00:00,WBD,3,0,0
2025-03-23,13:00:00,WBD,3,0,0
2025-03-24,13:00:00,M,3,0,0
2025-03-24,13:00:00,WBD,3,0,0
2025-03-25,13:00:00,WBD,3,0,0
2025-03-26,13:00:00,M,3,0,0
2025-03-26,13:00:00,P,3,0,0
2025-03-26,13:00:00,WBD,3,0,0
2025-03-27,13:00:00,M,3,0,0
2025-03-27,13:00:00,P,3,0,0
2025-03-28,13:00:00,WBD,3,0,0
2025-03-29,13:00:00,WBD,3,0,0
2025-03-30,13:00:00,CANCELLED,3,1,0
2025-03-31,13:00:00,CANCELLED,3,1,0
2025-04-01,09:00:00,CANCELLED,4,1,0
2025-04-02,09:00:00,WBD,4,0,0
2025-04-03,09:00:00,EK,4,0,0
2025-04-04,09:00:00,M,4,0,0
2025-04-04,09:00:00,H,4,0,0
2025-04-05,09:00:00,EK,4,0,0
2025-04-06,09:00:00,M,4,0,0
2025-04-06,09:00:00,P,4,0,0
2025-04-06,09:00:00,Puffins,4,0,0
2025-04-07,09:00:00,H,4,0,0
2025-04-07,09:00:00,P,4,0,0
2025-04-08,09:00:00,WBD,4,0,0
2025-04-08,09:00:00,M,4,0,0
2025-04-09,09:00:00,CANCELLED,4,1,0
2025-04-10,09:00:00,H,4,0,0
2025-04-10,09:00:00,M,4,0,0
2025-04-10,09:00:00,WBD,4,0,0
2025-04-11,09:00:00,CANCELLED,4,1,0
2025-04-12,09:00:00,WBD,4,0,0
2025-04-13,09:00:00,WBD,4,0,0
2025-04-14,09:00:00,CANCELLED,4,1,0
2025-04-15,09:00:00,H,4,0,0
2025-04-15,09:00:00,M,4,0,0
2025-04-16,09:00:00,H,4,0,0
2025-04-16,09:00:00,MW,4,0,0
2025-04-17,09:00:00,H,4,0,0
2025-04-18,09:00:00,H,4,0,0
2025-04-18,09:00:00,M,4,0,0
2025-04-19,09:00:00,H,4,0,0
2025-04-19,09:00:00,WBD,4,0,0
2025-04-20,09:00:00,WBD,4,0,0
2025-04-20,09:00:00,M,4,0,0
2025-04-21,09:00:00,M,4,0,0
2025-04-21,09:00:00,WBD,4,0,0
2025-04-22,09:00:00,H,4,0,0
2025-04-22,09:00:00,M,4,0,0
2025-04-23,09:00:00,H,4,0,0
2025-04-23,09:00:00,M,4,0,0
2025-04-24,09:00:00,M,4,0,0
2025-04-25,09:00:00,EK,4,0,0
2025-04-26,09:00:00,H,4,0,0
2025-04-27,09:00:00,M,4,0,0
2025-04-27,09:00:00,WBD,4,0,0
2025-04-28,09:00:00,H,4,0,0
2025-04-28,09:00:00,WBD,4,0,0
2025-04-28,09:00:00,M,4,0,0
2025-04-29,09:00:00,M,4,0,0
2025-04-30,09:00:00,H,4,0,0
2025-04-01,13:00:00,P,4,0,0
2025-04-01,13:00:00,M,4,0,0
2025-04-02,13:00:00,CANCELLED,4,1,0
2025-04-03,13:00:00,EK,4,0,0
2025-04-04,13:00:00,EK,4,0,0
2025-04-05,13:00:00,MW,4,0,0
2025-04-06,13:00:00,M,4,0,0
2025-04-06,13:00:00,P,4,0,0
2025-04-06,13:00:00,puffins,4,0,0
2025-04-07,13:00:00,P,4,0,0
2025-04-07,13:00:00,WBD,4,0,0
2025-04-07,13:00:00,M,4,0,0
2025-04-08,13:00:00,H,4,0,0
2025-04-08,13:00:00,WBD,4,0,0
2025-04-08,13:00:00,M,4,0,0
2025-04-08,13:00:00,H,4,0,0
2025-04-09,13:00:00,CANCELLED,4,1,0
2025-04-10,13:00:00,H,4,0,0
2025-04-11,13:00:00,CANCELLED,4,1,0
2025-04-12,13:00:00,P,4,0,0
2025-04-12,13:00:00,H,4,0,0
2025-04-12,13:00:00,O,4,0,0
2025-04-13,13:00:00,CANCELLED,4,1,0
2025-04-14,13:00:00,CANCELLED,4,1,0
2025-04-15,13:00:00,H,4,0,0
2025-04-15,13:00:00,M,4,0,0
2025-04-15,13:00:00,P,4,0,0
2025-04-16,13:00:00,CANCELLED,4,1,0
2025-04-17,13:00:00,EK,4,0,0
2025-04-18,13:00:00,H,4,0,0
2025-04-18,13:00:00,M,4,0,0
2025-04-18,13:00:00,P,4,0,0
2025-04-19,13:00:00,P,4,0,0
2025-04-19,13:00:00,M,4,0,0
2025-04-19,13:00:00,WBD,4,0,0
2025-04-20,13:00:00,H,4,0,0
2025-04-20,13:00:00,WBD,4,0,0
2025-04-21,13:00:00,H,4,0,0
2025-04-21,13:00:00,MW,4,0,0
2025-04-22,13:00:00,H,4,0,0
2025-04-22,13:00:00,M,4,0,0
2025-04-23,13:00:00,M,4,0,0
2025-04-23,13:00:00,H,4,0,0
2025-04-23,13:00:00,WBD,4,0,0
2025-04-24,13:00:00,H,4,0,0
2025-04-25,13:00:00,H,4,0,0
2025-04-25,13:00:00,WBD,4,0,0
2025-04-26,13:00:00,H,4,0,0
2025-04-27,13:00:00,H,4,0,0
2025-04-27,13:00:00,MW,4,0,0
2025-04-28,13:00:00,H,4,0,0
2025-04-28,13:00:00,WBD,4,0,0
2025-04-29,13:00:00,H,4,0,0
2025-04-29,13:00:00,M,4,0,0
2025-04-30,13:00:00,H,4,0,0
2025-05-01,09:00:00,CANCELLED,5,1,0
2025-05-02,09:00:00,H!,5,0,0
2025-05-03,09:00:00,H,5,0,0
2025-05-03,09:00:00,P,5,0,0
2025-05-04,09:00:00,H!,5,0,0
2025-05-04,09:00:00,P,5,0,0
2025-05-05,09:00:00,H!,5,0,0
2025-05-06,09:00:00,H,5,0,0
2025-05-06,09:00:00,P,5,0,0
2025-05-07,09:00:00,M,5,0,0
2025-05-07,09:00:00,H!,5,0,0
2025-05-08,09:00:00,H,5,0,0
2025-05-08,09:00:00,M,5,0,0
2025-05-09,09:00:00,CANCELLED,5,1,0
2025-05-10,09:00:00,CANCELLED,5,1,0
2025-05-11,09:00:00,H,5,0,0
2025-05-12,09:00:00,EK,5,0,0
2025-05-13,09:00:00,H,5,0,0
2025-05-14,09:00:00,H,5,0,0
2025-05-14,09:00:00,M,5,0,0
2025-05-14,09:00:00,WBD,5,0,0
2025-05-15,09:00:00,H!,5,0,0
2031-05-16,09:00:00,H,5,0,0
2031-05-16,09:00:00,WBD,5,0,0
2025-05-17,09:00:00,H,5,0,0
2025-05-17,09:00:00,WBD,5,0,0
2025-05-18,09:00:00,M,5,0,0
2025-05-18,09:00:00,WBD,5,0,0
2025-05-19,09:00:00,H,5,0,0
2025-05-19,09:00:00,WBD,5,0,0
2025-05-19,09:00:00,P,5,0,0
2025-05-20,09:00:00,H,5,0,0
2025-05-20,09:00:00,P,5,0,0
2025-05-20,09:00:00,M,5,0,0
2025-05-21,09:00:00,H,5,0,0
2025-05-21,09:00:00,WBD,5,0,0
2025-05-22,09:00:00,H,5,0,0
2025-05-23,09:00:00,H,5,0,0
2025-05-24,09:00:00,H,5,0,0
2025-05-24,09:00:00,M,5,0,0
2025-05-25,09:00:00,H,5,0,0
2025-05-25,09:00:00,P,5,0,0
2025-05-26,09:00:00,H,5,0,0
2025-05-26,09:00:00,WBD,5,0,0
2025-05-27,09:00:00,WBD,5,0,0
2025-05-28,09:00:00,H,5,0,0
2025-05-29,09:00:00,H,5,0,0
2025-05-29,09:00:00,M,5,0,0
2025-05-29,09:00:00,WBD,5,0,0
2025-05-30,09:00:00,H,5,0,0
2025-05-31,09:00:00,H,5,0,0
2025-05-31,09:00:00,WBD,5,0,0
2025-05-01,13:00:00,CANCELLED,5,1,0
2025-05-02,13:00:00,H!,5,0,0
2025-05-02,13:00:00,P,5,0,0
2025-05-03,13:00:00,H,5,0,0
2025-05-04,13:00:00,H!,5,0,0
2025-05-04,13:00:00,P,5,0,0
2025-05-05,13:00:00,EK,5,0,0
2025-05-06,13:00:00,H,5,0,0
2025-05-07,13:00:00,H,5,0,0
2025-05-08,13:00:00,CANCELLED,5,1,0
2025-05-09,13:00:00,CANCELLED,5,1,0
2025-05-10,13:00:00,H,5,0,0
2025-05-11,13:00:00,H!,5,0,0
2025-05-11,13:00:00,H,5,0,0
2025-05-12,13:00:00,H,5,0,0
2025-05-13,13:00:00,H,5,0,0
2025-05-13,13:00:00,M,5,0,0
2025-05-13,13:00:00,WBD,5,0,0
2025-05-14,13:00:00,H,5,0,0
2025-05-15,13:00:00,M!,5,0,0
2025-05-15,13:00:00,H!,5,0,0
2031-05-16,13:00:00,H,5,0,0
2031-05-16,13:00:00,M,5,0,0
2031-05-16,13:00:00,WBD,5,0,0
2025-05-17,13:00:00,WBD,5,0,0
2025-05-17,13:00:00,H,5,0,0
2025-05-18,13:00:00,H,5,0,0
2025-05-19,13:00:00,H,5,0,0
2025-05-20,13:00:00,H,5,0,0
2025-05-20,13:00:00,P,5,0,0
2025-05-21,13:00:00,H,5,0,0
2025-05-21,13:00:00,P,5,0,0
2025-05-22,13:00:00,CANCELLED,5,1,0
2025-05-23,13:00:00,H,5,0,0
2025-05-24,13:00:00,H,5,0,0
2025-05-24,13:00:00,WBD,5,0,0
2025-05-25,13:00:00,H,5,0,0
2025-05-26,13:00:00,H,5,0,0
2025-05-26,13:00:00,WBD,5,0,0
2025-05-27,13:00:00,H!,5,0,0
2025-05-28,13:00:00,H,5,0,0
2025-05-29,13:00:00,M,5,0,0
2025-05-29,13:00:00,H,5,0,0
2025-05-30,13:00:00,H,5,0,0
2025-05-31,13:00:00,PRIVATE,5,0,1
2025-05-15,17:00:00,CANCELLED,5,1,0
2031-05-16,17:00:00,H,5,0,0
2025-05-17,17:00:00,WBD,5,0,0
2025-05-17,17:00:00,M,5,0,0
2025-05-18,17:00:00,H,5,0,0
2025-05-18,17:00:00,M,5,0,0
2025-05-18,17:00:00,P,5,0,0
2025-05-19,17:00:00,WBD,5,0,0
2025-05-20,17:00:00,H,5,0,0
2025-05-21,17:00:00,H,5,0,0
2025-05-21,17:00:00,P,5,0,0
2025-05-22,17:00:00,CANCELLED,5,1,0
2025-05-23,17:00:00,CANCELLED,5,1,0
2025-05-24,17:00:00,H,5,0,0
2025-05-24,17:00:00,P,5,0,0
2025-05-26,17:00:00,PRIVATE,5,0,1
2025-05-27,17:00:00,H,5,0,0
2025-05-28,17:00:00,PRIVATE,5,0,1
2025-05-29,17:00:00,H,5,0,0
2025-05-29,17:00:00,WBD,5,0,0
2025-05-30,17:00:00,H,5,0,0
2025-05-31,17:00:00,H,5,0,0
2025-06-01,09:00:00,H,6,0,0
2025-06-02,09:00:00,CANCELLED,6,1,0
2025-06-03,09:00:00,CANCELLED,6,1,0
2025-06-04,09:00:00,CANCELLED,6,1,0
2025-06-05,09:00:00,CANCELLED,6,1,0
2025-06-06,09:00:00,H,6,0,0
2025-06-07,09:00:00,H,6,0,0
2025-06-07,09:00:00,M,6,0,0
2025-06-07,09:00:00,WBD,6,0,0
2025-06-08,09:00:00,H,6,0,0
2025-06-09,09:00:00,WBD,6,0,0
2025-06-09,09:00:00,H,6,0,0
2025-06-10,09:00:00,H,6,0,0
2025-06-11,09:00:00,H,6,0,0
2025-06-11,09:00:00,WBD,6,0,0
2025-06-11,09:00:00,M,6,0,0
2025-06-12,09:00:00,H,6,0,0
2025-06-13,09:00:00,H,6,0,0
2025-06-14,09:00:00,M,6,0,0
2025-06-14,09:00:00,H,6,0,0
2025-06-15,09:00:00,H,6,0,0
2025-06-15,09:00:00,WBD,6,0,0
2025-06-16,09:00:00,WBD,6,0,0
2025-06-16,09:00:00,H,6,0,0
2025-06-16,09:00:00,H!,6,0,0
2025-06-17,09:00:00,H,6,0,0
2025-06-17,09:00:00,M,6,0,0
2025-06-17,09:00:00,WBD,6,0,0
2025-06-18,09:00:00,H,6,0,0
2025-06-19,09:00:00,M,6,0,0
2025-06-19,09:00:00,P,6,0,0
2025-06-19,09:00:00,H!,6,0,0
2025-06-19,09:00:00,WBD,6,0,0
2025-06-20,09:00:00,H,6,0,0
2025-06-20,09:00:00,WBD,6,0,0
2025-06-21,09:00:00,PRIVATE,6,0,1
2025-06-22,09:00:00,H,6,0,0
2025-06-22,09:00:00,WBD,6,0,0
2025-06-23,09:00:00,H,6,0,0
2025-06-24,09:00:00,H,6,0,0
2025-06-24,09:00:00,WBD,6,0,0
2025-06-25,09:00:00,H,6,0,0
2025-06-26,09:00:00,H,6,0,0
2025-06-26,09:00:00,M,6,0,0
2025-06-26,09:00:00,WBD,6,0,0
2025-06-26,09:00:00,P,6,0,0
2025-06-27,09:00:00,PRIVATE,6,0,1
2025-06-28,09:00:00,H,6,0,0
2025-06-29,09:00:00,H!,6,0,0
2025-06-29,09:00:00,M,6,0,0
2025-06-29,09:00:00,WBD,6,0,0
2025-06-30,09:00:00,H,6,0,0
2025-06-30,09:00:00,WBD,6,0,0
2025-06-01,10:00:00,EK,6,0,0
2025-06-02,10:00:00,PRIVATE,6,0,1
2025-06-03,10:00:00,PRIVATE,6,0,1
2025-06-04,10:00:00,CANCELLED,6,1,0
2025-06-05,10:00:00,CANCELLED,6,1,0
2025-06-06,10:00:00,CANCELLED,6,1,0
2025-06-07,10:00:00,PRIVATE,6,0,1
2025-06-08,10:00:00,H,6,0,0
2025-06-09,10:00:00,H,6,0,0
2025-06-09,10:00:00,WBD,6,0,0
2025-06-10,10:00:00,H,6,0,0
2025-06-11,10:00:00,CANCELLED,6,1,0
2025-06-12,10:00:00,H,6,0,0
2025-06-13,10:00:00,H,6,0,0
2025-06-14,10:00:00,M,6,0,0
2025-06-14,10:00:00,H,6,0,0
2025-06-15,10:00:00,H,6,0,0
2025-06-15,10:00:00,WBD,6,0,0
2025-06-15,10:00:00,P,6,0,0
2025-06-16,10:00:00,H!,6,0,0
2025-06-16,10:00:00,H,6,0,0
2025-06-17,10:00:00,H,6,0,0
2025-06-18,10:00:00,PRIVATE,6,0,1
2025-06-19,10:00:00,PRIVATE,6,0,1
2025-06-20,10:00:00,H,6,0,0
2025-06-20,10:00:00,WBD,6,0,0
2025-06-21,10:00:00,H,6,0,0
2025-06-22,10:00:00,H,6,0,0
2025-06-22,10:00:00,WBD,6,0,0
2025-06-22,10:00:00,M,6,0,0
2025-06-23,10:00:00,PRIVATE,6,0,1
2025-06-24,10:00:00,H,6,0,0
2025-06-24,10:00:00,WBD,6,0,0
2025-06-25,10:00:00,H,6,0,0
2025-06-26,10:00:00,PRIVATE,6,0,1
2025-06-27,10:00:00,H,6,0,0
2025-06-28,10:00:00,H,6,0,0
2025-06-29,10:00:00,H,6,0,0
2025-06-29,10:00:00,WBD,6,0,0
2025-06-30,10:00:00,PRIVATE,6,0,1
2025-06-01,13:00:00,PRIVATE,6,0,1
2025-06-02,13:00:00,CANCELLED,6,1,0
2025-06-03,13:00:00,CANCELLED,6,1,0
2025-06-04,13:00:00,CANCELLED,6,1,0
2025-06-05,13:00:00,H,6,0,0
2025-06-06,13:00:00,EK,6,0,0
2025-06-07,13:00:00,H,6,0,0
2025-06-07,13:00:00,M,6,0,0
2025-06-07,13:00:00,WBD,6,0,0
2025-06-08,13:00:00,H,6,0,0
2025-06-09,13:00:00,H,6,0,0
2025-06-10,13:00:00,H,6,0,0
2025-06-11,13:00:00,H,6,0,0
2025-06-11,13:00:00,M,6,0,0
2025-06-12,13:00:00,H!,6,0,0
2025-06-13,13:00:00,WBD,6,0,0
2025-06-13,13:00:00,M,6,0,0
2025-06-14,13:00:00,H,6,0,0
2025-06-14,13:00:00,WBD,6,0,0
2025-06-15,13:00:00,M,6,0,0
2025-06-15,13:00:00,H,6,0,0
2025-06-16,13:00:00,H,6,0,0
2025-06-16,13:00:00,P,6,0,0
2025-06-17,13:00:00,H!,6,0,0
2025-06-18,13:00:00,H,6,0,0
2025-06-18,13:00:00,WBD,6,0,0
2025-06-19,13:00:00,H,6,0,0
2025-06-19,13:00:00,WBD,6,0,0
2025-06-20,13:00:00,H!,6,0,0
2025-06-21,13:00:00,H,6,0,0
2025-06-22,13:00:00,H,6,0,0
2025-06-22,13:00:00,WBD,6,0,0
2025-06-22,13:00:00,P,6,0,0
2025-06-23,13:00:00,H,6,0,0
2025-06-24,13:00:00,M,6,0,0
2025-06-24,13:00:00,H,6,0,0
2025-06-24,13:00:00,P,6,0,0
2025-06-25,13:00:00,H,6,0,0
2025-06-26,13:00:00,H,6,0,0
2025-06-26,13:00:00,WBD,6,0,0
2025-06-26,13:00:00,P,6,0,0
2025-06-27,13:00:00,H,6,0,0
2025-06-27,13:00:00,M,6,0,0
2025-06-27,13:00:00,WBD,6,0,0
2025-06-28,13:00:00,H!,6,0,0
2025-06-29,13:00:00,H!,6,0,0
2025-06-30,13:00:00,H,6,0,0
2025-06-30,13:00:00,WBD,6,0,0
2025-06-01,14:00:00,PRIVATE,6,0,1
2025-06-02,14:00:00,CANCELLED,6,1,0
2025-06-03,14:00:00,CANCELLED,6,1,0
2025-06-04,14:00:00,CANCELLED,6,1,0
2025-06-05,14:00:00,CANCELLED,6,1,0
2025-06-06,14:00:00,CANCELLED,6,1,0
2025-06-07,14:00:00,H,6,0,0
2025-06-07,14:00:00,M,6,0,0
2025-06-07,14:00:00,WBD,6,0,0
2025-06-08,14:00:00,H,6,0,0
2025-06-09,14:00:00,PRIVATE,6,0,1
2025-06-10,14:00:00,H,6,0,0
2025-06-11,14:00:00,CANCELLED,6,1,0
2025-06-12,14:00:00,PRIVATE,6,0,1
2025-06-13,14:00:00,WBH,6,0,0
2025-06-13,14:00:00,H,6,0,0
2025-06-14,14:00:00,PRIVATE,6,0,1
2025-06-15,14:00:00,H,6,0,0
2025-06-16,14:00:00,H,6,0,0
2025-06-17,14:00:00,PRIVATE,6,0,1
2025-06-18,14:00:00,H,6,0,0
2025-06-18,14:00:00,M,6,0,0
2025-06-18,14:00:00,WBD,6,0,0
2025-06-19,14:00:00,H,6,0,0
2025-06-19,14:00:00,WBD,6,0,0
2025-06-20,14:00:00,PRIVATE,6,0,1
2025-06-21,14:00:00,PRIVATE,6,0,1
2025-06-22,14:00:00,H,6,0,0
2025-06-22,14:00:00,WBD,6,0,0
2025-06-23,14:00:00,H,6,0,0
2025-06-24,14:00:00,H,6,0,0
2025-06-25,14:00:00,H,6,0,0
2025-06-25,14:00:00,WBD,6,0,0
2025-06-26,14:00:00,PRIVATE,6,0,1
2025-06-27,14:00:00,PRIVATE,6,0,1
2025-06-28,14:00:00,PRIVATE,6,0,1
2025-06-29,14:00:00,PRIVATE,6,0,1
2025-06-30,14:00:00,PRIVATE,6,0,1
2025-06-01,17:00:00,PRIVATE,6,0,1
2025-06-02,17:00:00,CANCELLED,6,1,0
2025-06-03,17:00:00,CANCELLED,6,1,0
2025-06-04,17:00:00,CANCELLED,6,1,0
2025-06-05,17:00:00,H,6,0,0
2025-06-06,17:00:00,H,6,0,0
2025-06-07,17:00:00,H,6,0,0
2025-06-07,17:00:00,M,6,0,0
2025-06-07,17:00:00,WBD,6,0,0
2025-06-08,17:00:00,H,6,0,0
2025-06-08,17:00:00,WBD,6,0,0
2025-06-09,17:00:00,H!,6,0,0
2025-06-10,17:00:00,H,6,0,0
2025-06-11,17:00:00,WBD,6,0,0
2025-06-11,17:00:00,H,6,0,0
2025-06-12,17:00:00,PRIVATE,6,0,1
2025-06-13,17:00:00,H,6,0,0
2025-06-14,17:00:00,PRIVATE,6,0,1
2025-06-15,17:00:00,H,6,0,0
2025-06-15,17:00:00,WBD,6,0,0
2025-06-16,17:00:00,H,6,0,0
2025-06-16,17:00:00,WBD,6,0,0
2025-06-17,17:00:00,PRIVATE,6,0,1
2025-06-18,17:00:00,H,6,0,0
2025-06-18,17:00:00,H!,6,0,0
2025-06-18,17:00:00,M,6,0,0
2025-06-19,17:00:00,H,6,0,0
2025-06-20,17:00:00,H,6,0,0
2025-06-20,17:00:00,P,6,0,0
2025-06-21,17:00:00,CANCELLED,6,1,0
2025-06-22,17:00:00,PRIVATE,6,0,1
2025-06-23,17:00:00,PRIVATE,6,0,1
2025-06-24,17:00:00,H,6,0,0
2025-06-24,17:00:00,WBD,6,0,0
2025-06-25,17:00:00,H,6,0,0
2025-06-25,17:00:00,WBD,6,0,0
2025-06-26,17:00:00,H,6,0,0
2025-06-26,17:00:00,M,6,0,0
2025-06-26,17:00:00,WBD,6,0,0
2025-06-26,17:00:00,P,6,0,0
2025-06-27,17:00:00,M,6,0,0
2025-06-27,17:00:00,H,6,0,0
2025-06-27,17:00:00,WBD,6,0,0
2025-06-28,17:00:00,H!,6,0,0
2025-06-28,17:00:00,WBD,6,0,0
2025-06-29,17:00:00,H,6,0,0
2025-06-30,17:00:00,H!,6,0,0
2025-06-30,17:00:00,WBD,6,0,0
2025-06-15,21:00:00,?,6,0,0
2025-06-16,21:00:00,PRIVATE,6,0,1
2025-06-17,21:00:00,PRIVATE,6,0,1
2025-06-18,21:00:00,CANCELLED,6,1,0
2025-06-19,21:00:00,PRIVATE,6,0,1
2025-06-20,21:00:00,CANCELLED,6,1,0
2025-06-21,21:00:00,?,6,0,0
2025-06-22,21:00:00,PRIVATE,6,0,1
2025-06-23,21:00:00,PRIVATE,6,0,1
2025-06-24,21:00:00,PRIVATE,6,0,1
2025-06-25,21:00:00,H,6,0,0
2025-06-25,21:00:00,WBD,6,0,0
2025-06-26,21:00:00,PRIVATE,6,0,1
2025-06-28,21:00:00,CANCELLED,6,1,0
2025-06-30,21:00:00,PRIVATE,6,0,1
2025-07-01,09:00:00,H,7,0,0
2025-07-01,09:00:00,WBD,7,0,0
2025-07-02,09:00:00,H,7,0,0
2025-07-03,09:00:00,H!,7,0,0
2025-07-03,09:00:00,M,7,0,0
2025-07-03,09:00:00,P,7,0,0
2025-07-04,09:00:00,H!,7,0,0
2025-07-04,09:00:00,M,7,0,0
2025-07-04,09:00:00,WBD,7,0,0
2025-07-05,09:00:00,H,7,0,0
2025-07-05,09:00:00,M,7,0,0
2025-07-06,09:00:00,CANCELLED,7,1,0
2025-07-07,09:00:00,M,7,0,0
2025-07-07,09:00:00,H,7,0,0
2025-07-08,09:00:00,H!,7,0,0
2025-07-09,09:00:00,H,7,0,0
2025-07-09,09:00:00,M,7,0,0
2025-07-09,09:00:00,WBD,7,0,0
2025-07-10,09:00:00,H,7,0,0
2025-07-10,09:00:00,M,7,0,0
2025-07-10,09:00:00,WBD,7,0,0
2025-07-11,09:00:00,H!,7,0,0
2025-07-11,09:00:00,M,7,0,0
2025-07-11,09:00:00,WBD,7,0,0
2025-07-12,09:00:00,H,7,0,0
2025-07-12,09:00:00,M,7,0,0
2025-07-12,09:00:00,WBD,7,0,0
2025-07-13,09:00:00,H,7,0,0
2025-07-13,09:00:00,M,7,0,0
2025-07-13,09:00:00,WBD,7,0,0
2025-07-13,09:00:00,P,7,0,0
2025-07-14,09:00:00,H,7,0,0
2025-07-14,09:00:00,M,7,0,0
2025-07-14,09:00:00,WBD,7,0,0
2025-07-15,09:00:00,H,7,0,0
2025-07-15,09:00:00,M,7,0,0
2025-07-15,09:00:00,WBD,7,0,0
2025-07-16,09:00:00,H!,7,0,0
2025-07-16,09:00:00,M,7,0,0
2025-07-16,09:00:00,WBD,7,0,0
2025-07-16,09:00:00,L,7,0,0
2025-07-17,09:00:00,M,7,0,0
2025-07-17,09:00:00,WBD,7,0,0
2025-07-18,09:00:00,H,7,0,0
2025-07-18,09:00:00,M,7,0,0
2025-07-18,09:00:00,WBD,7,0,0
2025-07-19,09:00:00,H!,7,0,0
2025-07-19,09:00:00,M,7,0,0
2025-07-19,09:00:00,WBD,7,0,0
2025-07-20,09:00:00,H,7,0,0
2025-07-20,09:00:00,M,7,0,0
2025-07-20,09:00:00,WBD,7,0,0
2025-07-21,09:00:00,H,7,0,0
2025-07-21,09:00:00,M,7,0,0
2025-07-21,09:00:00,WBD,7,0,0
2025-07-22,09:00:00,H,7,0,0
2025-07-22,09:00:00,M,7,0,0
2025-07-22,09:00:00,WBD,7,0,0
2025-07-23,09:00:00,H,7,0,0
2025-07-23,09:00:00,M,7,0,0
2025-07-23,09:00:00,WBD,7,0,0
2025-07-24,09:00:00,CANCELLED,7,1,0
2025-07-25,09:00:00,H,7,0,0
2025-07-25,09:00:00,M,7,0,0
2025-07-25,09:00:00,WBD,7,0,0
2025-07-26,09:00:00,H,7,0,0
2025-07-26,09:00:00,M,7,0,0
2025-07-26,09:00:00,WBD,7,0,0
2025-07-26,09:00:00,P,7,0,0
2025-07-27,09:00:00,H,7,0,0
2025-07-27,09:00:00,M,7,0,0
2025-07-28,09:00:00,M,7,0,0
2025-07-28,09:00:00,WBD,7,0,0
2025-07-29,09:00:00,H,7,0,0
2025-07-29,09:00:00,M,7,0,0
2025-07-29,09:00:00,WBD,7,0,0
2025-07-30,09:00:00,H,7,0,0
2025-07-31,09:00:00,H,7,0,0
2025-07-31,09:00:00,WBD,7,0,0
2025-07-01,10:00:00,PRIVATE,7,0,1
2025-07-02,10:00:00,PRIVATE,7,0,1
2025-07-03,10:00:00,H,7,0,0
2025-07-03,10:00:00,M,7,0,0
2025-07-04,10:00:00,PRIVATE,7,0,1
2025-07-05,10:00:00,H,7,0,0
2025-07-05,10:00:00,M,7,0,0
2025-07-05,10:00:00,WBD,7,0,0
2025-07-06,10:00:00,CANCELLED,7,1,0
2025-07-07,10:00:00,M,7,0,0
2025-07-07,10:00:00,H,7,0,0
2025-07-08,10:00:00,H,7,0,0
2025-07-09,10:00:00,H,7,0,0
2025-07-10,10:00:00,PRIVATE,7,0,1
2025-07-11,10:00:00,H,7,0,0
2025-07-12,10:00:00,M,7,0,0
2025-07-12,10:00:00,WBD,7,0,0
2025-07-12,10:00:00,H,7,0,0
2025-07-12,10:00:00,P,7,0,0
2025-07-13,10:00:00,H,7,0,0
2025-07-13,10:00:00,M,7,0,0
2025-07-13,10:00:00,WBD,7,0,0
2025-07-14,10:00:00,H,7,0,0
2025-07-14,10:00:00,WBD,7,0,0
2025-07-15,10:00:00,H,7,0,0
2025-07-15,10:00:00,M,7,0,0
2025-07-15,10:00:00,HP,7,0,0
2025-07-16,10:00:00,H,7,0,0
2025-07-17,10:00:00,M,7,0,0
2025-07-17,10:00:00,WBD,7,0,0
2025-07-18,10:00:00,PRIVATE,7,0,1
2025-07-19,10:00:00,M,7,0,0
2025-07-19,10:00:00,WBD,7,0,0
2025-07-19,10:00:00,H,7,0,0
2025-07-20,10:00:00,H,7,0,0
2025-07-20,10:00:00,M,7,0,0
2025-07-20,10:00:00,WBD,7,0,0
2025-07-21,10:00:00,H,7,0,0
2025-07-21,10:00:00,M,7,0,0
2025-07-21,10:00:00,WBD,7,0,0
2025-07-22,10:00:00,H,7,0,0
2025-07-22,10:00:00,WBD,7,0,0
2025-07-23,10:00:00,PRIVATE,7,0,1
2025-07-24,10:00:00,CANCELLED,7,1,0
2025-07-25,10:00:00,H,7,0,0
2025-07-25,10:00:00,M,7,0,0
2025-07-26,10:00:00,CANCELLED,7,1,0
2025-07-27,10:00:00,CANCELLED,7,1,0
2025-07-28,10:00:00,PRIVATE,7,0,1
2025-07-29,10:00:00,PRIVATE,7,0,1
2025-07-30,10:00:00,CANCELLED,7,1,0
2025-07-31,10:00:00,H,7,0,0
2025-07-31,10:00:00,WBD,7,0,0
2025-07-31,10:00:00,F,7,0,0
2025-07-01,13:00:00,H!,7,0,0
2025-07-01,13:00:00,WBD,7,0,0
2025-07-01,13:00:00,M,7,0,0
2025-07-02,13:00:00,H,7,0,0
2025-07-03,13:00:00,H,7,0,0
2025-07-03,13:00:00,M,7,0,0
2025-07-03,13:00:00,WBD,7,0,0
2025-07-04,13:00:00,H,7,0,0
2025-07-04,13:00:00,WBD,7,0,0
2025-07-05,13:00:00,H,7,0,0
2025-07-05,13:00:00,M,7,0,0
2025-07-05,13:00:00,WBD,7,0,0
2025-07-06,13:00:00,H,7,0,0
2025-07-07,13:00:00,M,7,0,0
2025-07-07,13:00:00,H,7,0,0
2025-07-08,13:00:00,H,7,0,0
2025-07-09,13:00:00,H!,7,0,0
2025-07-09,13:00:00,WBD,7,0,0
2025-07-09,13:00:00,M,7,0,0
2025-07-10,13:00:00,H,7,0,0
2025-07-10,13:00:00,M,7,0,0
2025-07-10,13:00:00,WBD,7,0,0
2025-07-11,13:00:00,M,7,0,0
2025-07-11,13:00:00,H!,7,0,0
2025-07-12,13:00:00,H!,7,0,0
2025-07-12,13:00:00,M,7,0,0
2025-07-13,13:00:00,H,7,0,0
2025-07-14,13:00:00,H,7,0,0
2025-07-14,13:00:00,M,7,0,0
2025-07-14,13:00:00,WBD,7,0,0
2025-07-15,13:00:00,H,7,0,0
2025-07-15,13:00:00,M,7,0,0
2025-07-16,13:00:00,H,7,0,0
2025-07-16,13:00:00,M,7,0,0
2025-07-16,13:00:00,WBD,7,0,0
2025-07-17,13:00:00,M,7,0,0
2025-07-17,13:00:00,WBD,7,0,0
2025-07-18,13:00:00,H,7,0,0
2025-07-18,13:00:00,M,7,0,0
2025-07-18,13:00:00,WBD,7,0,0
2025-07-19,13:00:00,H,7,0,0
2025-07-19,13:00:00,M,7,0,0
2025-07-19,13:00:00,WBD,7,0,0
2025-07-20,13:00:00,H,7,0,0
2025-07-20,13:00:00,M,7,0,0
2025-07-20,13:00:00,WBD,7,0,0
2025-07-20,13:00:00,P,7,0,0
2025-07-21,13:00:00,H,7,0,0
2025-07-21,13:00:00,M,7,0,0
2025-07-21,13:00:00,WBD,7,0,0
2025-07-22,13:00:00,H,7,0,0
2025-07-22,13:00:00,M,7,0,0
2025-07-22,13:00:00,WBD,7,0,0
2025-07-23,13:00:00,H,7,0,0
2025-07-23,13:00:00,M,7,0,0
2025-07-23,13:00:00,WBD,7,0,0
2025-07-24,13:00:00,H,7,0,0
2025-07-24,13:00:00,WBD,7,0,0
2025-07-24,13:00:00,M,7,0,0
2025-07-25,13:00:00,H,7,0,0
2025-07-25,13:00:00,M,7,0,0
2025-07-25,13:00:00,WBD,7,0,0
2025-07-26,13:00:00,H,7,0,0
2025-07-26,13:00:00,M,7,0,0
2025-07-27,13:00:00,CANCELLED,7,1,0
2025-07-28,13:00:00,H,7,0,0
2025-07-28,13:00:00,M,7,0,0
2025-07-28,13:00:00,WBD,7,0,0
2025-07-28,13:00:00,HP,7,0,0
2025-07-29,13:00:00,H,7,0,0
2025-07-29,13:00:00,M,7,0,0
2025-07-30,13:00:00,H,7,0,0
2025-07-31,13:00:00,M,7,0,0
2025-07-31,13:00:00,WBD,7,0,0
2025-07-31,13:00:00,H,7,0,0
2025-07-31,13:00:00,F,7,0,0
2025-07-01,14:00:00,H!,7,0,0
2025-07-01,14:00:00,M,7,0,0
2025-07-02,14:00:00,PRIVATE,7,0,1
2025-07-03,14:00:00,H,7,0,0
2025-07-03,14:00:00,M,7,0,0
2025-07-03,14:00:00,WBD,7,0,0
2025-07-04,14:00:00,H,7,0,0
2025-07-04,14:00:00,M,7,0,0
2025-07-04,14:00:00,WBD,7,0,0
2025-07-05,14:00:00,PRIVATE,7,0,1
2025-07-06,14:00:00,CANCELLED,7,1,0
2025-07-07,14:00:00,CANCELLED,7,1,0
2025-07-08,14:00:00,H,7,0,0
2025-07-09,14:00:00,H,7,0,0
2025-07-09,14:00:00,M,7,0,0
2025-07-10,14:00:00,H,7,0,0
2025-07-10,14:00:00,M,7,0,0
2025-07-10,14:00:00,WBD,7,0,0
2025-07-11,14:00:00,PRIVATE,7,0,1
2025-07-12,14:00:00,H!,7,0,0
2025-07-12,14:00:00,M,7,0,0
2025-07-12,14:00:00,WBD,7,0,0
2025-07-13,14:00:00,H,7,0,0
2025-07-14,14:00:00,H,7,0,0
2025-07-15,14:00:00,H,7,0,0
2025-07-15,14:00:00,M,7,0,0
2025-07-15,14:00:00,WBD,7,0,0
2025-07-16,14:00:00,PRIVATE,7,0,1
2025-07-17,14:00:00,H,7,0,0
2025-07-17,14:00:00,WBD,7,0,0
2025-07-18,14:00:00,M,7,0,0
2025-07-18,14:00:00,H,7,0,0
2025-07-18,14:00:00,WBD,7,0,0
2025-07-19,14:00:00,PRIVATE,7,0,1
2025-07-20,14:00:00,H,7,0,0
2025-07-20,14:00:00,M,7,0,0
2025-07-20,14:00:00,WBD,7,0,0
2025-07-21,14:00:00,H,7,0,0
2025-07-21,14:00:00,M,7,0,0
2025-07-21,14:00:00,WBD,7,0,0
2025-07-22,14:00:00,PRIVATE,7,0,1
2025-07-23,14:00:00,H,7,0,0
2025-07-23,14:00:00,M,7,0,0
2025-07-23,14:00:00,WBD,7,0,0
2025-07-24,14:00:00,H,7,0,0
2025-07-24,14:00:00,M,7,0,0
2025-07-24,14:00:00,WBD,7,0,0
2025-07-25,14:00:00,PRIVATE,7,0,1
2025-07-26,14:00:00,PRIVATE,7,0,1
2025-07-27,14:00:00,CANCELLED,7,1,0
2025-07-28,14:00:00,CANCELLED,7,1,0
2025-07-29,14:00:00,PRIVATE,7,0,1
2025-07-30,14:00:00,PRIVATE,7,0,1
2025-07-31,14:00:00,H,7,0,0
2025-07-31,14:00:00,WBD,7,0,0
2025-07-31,14:00:00,M,7,0,0
2025-07-31,14:00:00,F,7,0,0
2025-07-01,17:00:00,H,7,0,0
2025-07-01,17:00:00,M,7,0,0
2025-07-01,17:00:00,WBD,7,0,0
2025-07-02,17:00:00,H,7,0,0
2025-07-03,17:00:00,H!,7,0,0
2025-07-03,17:00:00,M,7,0,0
2025-07-03,17:00:00,WBD,7,0,0
2025-07-04,17:00:00,H!,7,0,0
2025-07-04,17:00:00,M,7,0,0
2025-07-04,17:00:00,WBD,7,0,0
2025-07-05,17:00:00,H,7,0,0
2025-07-05,17:00:00,M,7,0,0
2025-07-06,17:00:00,CANCELLED,7,1,0
2025-07-07,17:00:00,CANCELLED,7,1,0
2025-07-08,17:00:00,H,7,0,0
2025-07-09,17:00:00,H,7,0,0
2025-07-09,17:00:00,H!,7,0,0
2025-07-09,17:00:00,M,7,0,0
2025-07-09,17:00:00,WBD,7,0,0
2025-07-10,17:00:00,?,7,0,0
2025-07-11,17:00:00,H!,7,0,0
2025-07-11,17:00:00,M,7,0,0
2025-07-11,17:00:00,WBD,7,0,0
2025-07-12,17:00:00,H,7,0,0
2025-07-12,17:00:00,M,7,0,0
2025-07-12,17:00:00,WBD,7,0,0
2025-07-13,17:00:00,H,7,0,0
2025-07-13,17:00:00,WBD,7,0,0
2025-07-14,17:00:00,H,7,0,0
2025-07-14,17:00:00,M,7,0,0
2025-07-14,17:00:00,WBD,7,0,0
2025-07-15,17:00:00,CANCELLED,7,1,0
2025-07-16,17:00:00,(On,7,0,0
2025-07-16,17:00:00,Arctic,7,0,0
2025-07-16,17:00:00,Rose),7,0,0
2025-07-17,17:00:00,H,7,0,0
2025-07-17,17:00:00,M,7,0,0
2025-07-18,17:00:00,M,7,0,0
2025-07-18,17:00:00,H,7,0,0
2025-07-18,17:00:00,WBD,7,0,0
2025-07-19,17:00:00,M,7,0,0
2025-07-19,17:00:00,H,7,0,0
2025-07-19,17:00:00,WBD,7,0,0
2025-07-20,17:00:00,H,7,0,0
2025-07-20,17:00:00,M,7,0,0
2025-07-20,17:00:00,P,7,0,0
2025-07-20,17:00:00,WBD,7,0,0
2025-07-21,17:00:00,H,7,0,0
2025-07-21,17:00:00,M,7,0,0
2025-07-21,17:00:00,WBD,7,0,0
2025-07-22,17:00:00,(On,7,0,0
2025-07-22,17:00:00,Arctic,7,0,0
2025-07-22,17:00:00,Rose),7,0,0
2025-07-23,17:00:00,H,7,0,0
2025-07-23,17:00:00,M,7,0,0
2025-07-23,17:00:00,WBD,7,0,0
2025-07-24,17:00:00,H,7,0,0
2025-07-24,17:00:00,M,7,0,0
2025-07-24,17:00:00,WBD,7,0,0
2025-07-25,17:00:00,H,7,0,0
2025-07-25,17:00:00,M,7,0,0
2025-07-26,17:00:00,M,7,0,0
2025-07-26,17:00:00,H,7,0,0
2025-07-26,17:00:00,WBD,7,0,0
2025-07-27,17:00:00,CANCELLED,7,1,0
2025-07-28,17:00:00,CANCELLED,7,1,0
2025-07-29,17:00:00,H,7,0,0
2025-07-29,17:00:00,M,7,0,0
2025-07-30,17:00:00,H,7,0,0
2025-07-31,17:00:00,H,7,0,0
2025-07-31,17:00:00,M,7,0,0
2025-07-01,21:00:00,PRIVATE,7,0,1
2025-07-02,21:00:00,H,7,0,0
2025-07-03,21:00:00,H,7,0,0
2025-07-03,21:00:00,M,7,0,0
2025-07-04,21:00:00,H!,7,0,0
2025-07-04,21:00:00,WBD,7,0,0
2025-07-04,21:00:00,M,7,0,0
2025-07-05,21:00:00,EK,7,0,0
2025-07-06,21:00:00,CANCELLED,7,1,0
2025-07-07,21:00:00,CANCELLED,7,1,0
2025-07-08,21:00:00,CANCELLED,7,1,0
2025-07-09,21:00:00,CANCELLED,7,1,0
2025-07-10,21:00:00,CANCELLED,7,1,0
2025-07-11,21:00:00,H,7,0,0
2025-07-12,21:00:00,PRIVATE,7,0,1
2025-07-13,21:00:00,H,7,0,0
2025-07-13,21:00:00,WBD,7,0,0
2025-07-13,21:00:00,M,7,0,0
2025-07-14,21:00:00,H,7,0,0
2025-07-14,21:00:00,M,7,0,0
2025-07-14,21:00:00,WBD,7,0,0
2025-07-15,21:00:00,H!,7,0,0
2025-07-15,21:00:00,M,7,0,0
2025-07-15,21:00:00,WBD,7,0,0
2025-07-16,21:00:00,CANCELLED,7,1,0
2025-07-17,21:00:00,CANCELLED,7,1,0
2025-07-18,21:00:00,CANCELLED,7,1,0
2025-07-19,21:00:00,H,7,0,0
2025-07-20,21:00:00,PRIVATE,7,0,1
2025-07-21,21:00:00,H,7,0,0
2025-07-21,21:00:00,M,7,0,0
2025-07-21,21:00:00,WBD,7,0,0
2025-07-22,21:00:00,CANCELLED,7,1,0
2025-07-23,21:00:00,H,7,0,0
2025-07-23,21:00:00,M,7,0,0
2025-07-23,21:00:00,WBD,7,0,0
2025-07-24,21:00:00,H,7,0,0
2025-07-24,21:00:00,M,7,0,0
2025-07-24,21:00:00,WBD,7,0,0
2025-07-25,21:00:00,PRIVATE,7,0,1
2025-07-26,21:00:00,CANCELLED,7,1,0
2025-07-27,21:00:00,CANCELLED,7,1,0
2025-07-28,21:00:00,CANCELLED,7,1,0
2025-07-29,21:00:00,CANCELLED,7,1,0
2025-07-30,21:00:00,CANCELLED,7,1,0
2025-07-31,21:00:00,H,7,0,0
2025-07-31,21:00:00,M,7,0,0
2025-08-01,09:00:00,H,8,0,0
2025-08-01,09:00:00,M,8,0,0
2025-08-02,09:00:00,CANCELLED,8,1,0
2025-08-03,09:00:00,CANCELLED,8,1,0
2025-08-04,09:00:00,M,8,0,0
2025-08-04,09:00:00,H,8,0,0
2025-08-04,09:00:00,F,8,0,0
2025-08-05,09:00:00,H,8,0,0
2025-08-05,09:00:00,M,8,0,0
2025-08-06,09:00:00,F,8,0,0
2025-08-06,09:00:00,M,8,0,0
2025-08-06,09:00:00,H,8,0,0
2025-08-07,09:00:00,H,8,0,0
2025-08-07,09:00:00,M,8,0,0
2025-08-07,09:00:00,WBD,8,0,0
2025-08-08,09:00:00,CANCELLED,8,1,0
2025-08-09,09:00:00,H,8,0,0
2025-08-09,09:00:00,M,8,0,0
2025-08-09,09:00:00,WBD,8,0,0
2025-08-10,09:00:00,H,8,0,0
2025-08-10,09:00:00,M,8,0,0
2025-08-10,09:00:00,WBD,8,0,0
2025-08-11,09:00:00,H,8,0,0
2025-08-11,09:00:00,M,8,0,0
2025-08-12,09:00:00,H,8,0,0
2025-08-12,09:00:00,M,8,0,0
2025-08-12,09:00:00,WBD,8,0,0
2025-08-13,09:00:00,H,8,0,0
2025-08-13,09:00:00,M,8,0,0
2025-08-13,09:00:00,WBD,8,0,0
2025-08-14,09:00:00,H,8,0,0
2025-08-14,09:00:00,M,8,0,0
2025-08-14,09:00:00,WBD,8,0,0
2025-08-15,09:00:00,M,8,0,0
2025-08-15,09:00:00,H,8,0,0
2025-08-16,09:00:00,CANCELLED,8,1,0
2025-08-17,09:00:00,CANCELLED,8,1,0
2025-08-18,09:00:00,H,8,0,0
2025-08-18,09:00:00,M,8,0,0
2025-08-18,09:00:00,WBD,8,0,0
2025-08-18,09:00:00,P,8,0,0
2025-08-19,09:00:00,H,8,0,0
2025-08-19,09:00:00,M,8,0,0
2025-08-19,09:00:00,WBD,8,0,0
2025-08-19,09:00:00,P,8,0,0
2025-08-20,09:00:00,H,8,0,0
2025-08-20,09:00:00,M,8,0,0
2025-08-21,09:00:00,H,8,0,0
2025-08-21,09:00:00,M,8,0,0
2025-08-21,09:00:00,WBD,8,0,0
2025-08-22,09:00:00,H,8,0,0
2025-08-22,09:00:00,M,8,0,0
2025-08-23,09:00:00,H,8,0,0
2025-08-23,09:00:00,M,8,0,0
2025-08-24,09:00:00,H,8,0,0
2025-08-24,09:00:00,M,8,0,0
2025-08-24,09:00:00,WBD,8,0,0
2025-08-25,09:00:00,H,8,0,0
2025-08-25,09:00:00,M,8,0,0
2025-08-26,09:00:00,H,8,0,0
2025-08-26,09:00:00,M,8,0,0
2025-08-26,09:00:00,WBD,8,0,0
2025-08-27,09:00:00,H,8,0,0
2025-08-27,09:00:00,M,8,0,0
2025-08-27,09:00:00,WBD,8,0,0
2025-08-28,09:00:00,H,8,0,0
2025-08-28,09:00:00,M,8,0,0
2025-08-28,09:00:00,WBD,8,0,0
2025-08-28,09:00:00,P,8,0,0
2025-08-29,09:00:00,H,8,0,0
2025-08-29,09:00:00,M,8,0,0
2025-08-29,09:00:00,WBD,8,0,0
2025-08-29,09:00:00,P,8,0,0
2025-08-30,09:00:00,M,8,0,0
2025-08-30,09:00:00,H,8,0,0
2025-08-30,09:00:00,P,8,0,0
2025-08-31,09:00:00,M,8,0,0
2025-08-01,10:00:00,H,8,0,0
2025-08-01,10:00:00,M,8,0,0
2025-08-02,10:00:00,CANCELLED,8,1,0
2025-08-03,10:00:00,CANCELLED,8,1,0
2025-08-04,10:00:00,M,8,0,0
2025-08-04,10:00:00,H,8,0,0
2025-08-04,10:00:00,F,8,0,0
2025-08-05,10:00:00,H,8,0,0
2025-08-05,10:00:00,M,8,0,0
2025-08-06,10:00:00,M,8,0,0
2025-08-06,10:00:00,H,8,0,0
2025-08-07,10:00:00,H!,8,0,0
2025-08-07,10:00:00,M,8,0,0
2025-08-08,10:00:00,CANCELLED,8,1,0
2025-08-09,10:00:00,H,8,0,0
2025-08-10,10:00:00,H,8,0,0
2025-08-10,10:00:00,M,8,0,0
2025-08-11,10:00:00,H,8,0,0
2025-08-11,10:00:00,M,8,0,0
2025-08-12,10:00:00,H,8,0,0
2025-08-12,10:00:00,WBD,8,0,0
2025-08-12,10:00:00,M,8,0,0
2025-08-13,10:00:00,H,8,0,0
2025-08-13,10:00:00,M,8,0,0
2025-08-13,10:00:00,WBD,8,0,0
2025-08-14,10:00:00,H,8,0,0
2025-08-14,10:00:00,WBD,8,0,0
2025-08-15,10:00:00,H,8,0,0
2025-08-15,10:00:00,M,8,0,0
2025-08-15,10:00:00,WBD,8,0,0
2025-08-16,10:00:00,CANCELLED,8,1,0
2025-08-17,10:00:00,CANCELLED,8,1,0
2025-08-18,10:00:00,H,8,0,0
2025-08-18,10:00:00,M,8,0,0
2025-08-18,10:00:00,WBD,8,0,0
2025-08-19,10:00:00,H,8,0,0
2025-08-19,10:00:00,M,8,0,0
2025-08-19,10:00:00,WBD,8,0,0
2025-08-20,10:00:00,H,8,0,0
2025-08-20,10:00:00,M,8,0,0
2025-08-20,10:00:00,WBD,8,0,0
2025-08-21,10:00:00,H!,8,0,0
2025-08-21,10:00:00,M,8,0,0
2025-08-21,10:00:00,WBD,8,0,0
2025-08-21,10:00:00,P,8,0,0
2025-08-22,10:00:00,PRIVATE,8,0,1
2025-08-23,10:00:00,PRIVATE,8,0,1
2025-08-24,10:00:00,H,8,0,0
2025-08-24,10:00:00,M,8,0,0
2025-08-25,10:00:00,H,8,0,0
2025-08-25,10:00:00,M,8,0,0
2025-08-26,10:00:00,CANCELLED,8,1,0
2025-08-27,10:00:00,PRIVATE,8,0,1
2025-08-28,10:00:00,H,8,0,0
2025-08-28,10:00:00,M,8,0,0
2025-08-28,10:00:00,WBD,8,0,0
2025-08-29,10:00:00,H,8,0,0
2025-08-29,10:00:00,M,8,0,0
2025-08-29,10:00:00,P,8,0,0
2025-08-30,10:00:00,PRIVATE,8,0,1
2025-08-31,10:00:00,PRIVATE,8,0,1
2025-08-01,13:00:00,H,8,0,0
2025-08-01,13:00:00,M,8,0,0
2025-08-02,13:00:00,CANCELLED,8,1,0
2025-08-03,13:00:00,CANCELLED,8,1,0
2025-08-04,13:00:00,M,8,0,0
2025-08-04,13:00:00,H,8,0,0
2025-08-04,13:00:00,F,8,0,0
2025-08-05,13:00:00,H,8,0,0
2025-08-05,13:00:00,M,8,0,0
2025-08-05,13:00:00,WBD,8,0,0
2025-08-06,13:00:00,H,8,0,0
2025-08-06,13:00:00,M,8,0,0
2025-08-06,13:00:00,WBD,8,0,0
2025-08-07,13:00:00,H!,8,0,0
2025-08-07,13:00:00,H,8,0,0
2025-08-07,13:00:00,M,8,0,0
2025-08-07,13:00:00,WBD,8,0,0
2025-08-07,13:00:00,P,8,0,0
2025-08-08,13:00:00,CANCELLED,8,1,0
2025-08-09,13:00:00,H,8,0,0
2025-08-09,13:00:00,M,8,0,0
2025-08-09,13:00:00,WBD,8,0,0
2025-08-10,13:00:00,H,8,0,0
2025-08-10,13:00:00,M,8,0,0
2025-08-11,13:00:00,H,8,0,0
2025-08-11,13:00:00,M,8,0,0
2025-08-11,13:00:00,WBD,8,0,0
2025-08-12,13:00:00,H,8,0,0
2025-08-12,13:00:00,M,8,0,0
2025-08-12,13:00:00,WBD,8,0,0
2025-08-13,13:00:00,H,8,0,0
2025-08-13,13:00:00,M,8,0,0
2025-08-14,13:00:00,H,8,0,0
2025-08-14,13:00:00,M,8,0,0
2025-08-14,13:00:00,WBD,8,0,0
2025-08-15,13:00:00,H,8,0,0
2025-08-15,13:00:00,M,8,0,0
2025-08-16,13:00:00,H,8,0,0
2025-08-16,13:00:00,M,8,0,0
2025-08-16,13:00:00,WBD,8,0,0
2025-08-17,13:00:00,H!,8,0,0
2025-08-17,13:00:00,M,8,0,0
2025-08-18,13:00:00,H,8,0,0
2025-08-18,13:00:00,M,8,0,0
2025-08-18,13:00:00,WBD,8,0,0
2025-08-19,13:00:00,H,8,0,0
2025-08-19,13:00:00,M,8,0,0
2025-08-19,13:00:00,WBD,8,0,0
2025-08-19,13:00:00,P,8,0,0
2025-08-20,13:00:00,M,8,0,0
2025-08-20,13:00:00,WBD,8,0,0
2025-08-21,13:00:00,H,8,0,0
2025-08-21,13:00:00,M,8,0,0
2025-08-21,13:00:00,WBD,8,0,0
2025-08-22,13:00:00,EK,8,0,0
2025-08-23,13:00:00,CANCELLED,8,1,0
2025-08-24,13:00:00,H,8,0,0
2025-08-24,13:00:00,M,8,0,0
2025-08-24,13:00:00,WBD,8,0,0
2025-08-25,13:00:00,H,8,0,0
2025-08-25,13:00:00,M,8,0,0
2025-08-26,13:00:00,H,8,0,0
2025-08-26,13:00:00,M,8,0,0
2025-08-26,13:00:00,WBD,8,0,0
2025-08-26,13:00:00,P,8,0,0
2025-08-27,13:00:00,H,8,0,0
2025-08-27,13:00:00,M,8,0,0
2025-08-27,13:00:00,P,8,0,0
2025-08-28,13:00:00,H,8,0,0
2025-08-28,13:00:00,M,8,0,0
2025-08-28,13:00:00,WBD,8,0,0
2025-08-29,13:00:00,H,8,0,0
2025-08-29,13:00:00,P,8,0,0
2025-08-30,13:00:00,H,8,0,0
2025-08-30,13:00:00,M,8,0,0
2025-08-30,13:00:00,WBD,8,0,0
2025-08-31,13:00:00,M,8,0,0
2025-08-31,13:00:00,H,8,0,0
2025-08-31,13:00:00,P,8,0,0
2025-08-01,14:00:00,H,8,0,0
2025-08-01,14:00:00,M,8,0,0
2025-08-02,14:00:00,CANCELLED,8,1,0
2025-08-03,14:00:00,CANCELLED,8,1,0
2025-08-04,14:00:00,H,8,0,0
2025-08-04,14:00:00,M,8,0,0
2025-08-04,14:00:00,F,8,0,0
2025-08-05,14:00:00,PRIVATE,8,0,1
2025-08-06,14:00:00,PRIVATE,8,0,1
2025-08-07,14:00:00,H!,8,0,0
2025-08-07,14:00:00,M,8,0,0
2025-08-08,14:00:00,CANCELLED,8,1,0
2025-08-09,14:00:00,PRIVATE,8,0,1
2025-08-10,14:00:00,H,8,0,0
2025-08-10,14:00:00,M,8,0,0
2025-08-11,14:00:00,PRIVATE,8,0,1
2025-08-12,14:00:00,PRIVATE,8,0,1
2025-08-13,14:00:00,PRIVATE,8,0,1
2025-08-14,14:00:00,CANCELLED,8,1,0
2025-08-15,14:00:00,CANCELLED,8,1,0
2025-08-16,14:00:00,CANCELLED,8,1,0
2025-08-17,14:00:00,PRIVATE,8,0,1
2025-08-18,14:00:00,H,8,0,0
2025-08-18,14:00:00,M,8,0,0
2025-08-19,14:00:00,H,8,0,0
2025-08-19,14:00:00,M,8,0,0
2025-08-20,14:00:00,PRIVATE,8,0,1
2025-08-21,14:00:00,M,8,0,0
2025-08-21,14:00:00,H,8,0,0
2025-08-21,14:00:00,WBD,8,0,0
2025-08-22,14:00:00,PRIVATE,8,0,1
2025-08-23,14:00:00,CANCELLED,8,1,0
2025-08-24,14:00:00,H,8,0,0
2025-08-25,14:00:00,CANCELLED,8,1,0
2025-08-26,14:00:00,CANCELLED,8,1,0
2025-08-27,14:00:00,PRIVATE,8,0,1
2025-08-28,14:00:00,PRIVATE,8,0,1
2025-08-29,14:00:00,PRIVATE,8,0,1
2025-08-30,14:00:00,PRIVATE,8,0,1
2025-08-31,14:00:00,PRIVATE,8,0,1
2025-08-01,17:00:00,CANCELLED,8,1,0
2025-08-02,17:00:00,CANCELLED,8,1,0
2025-08-03,17:00:00,CANCELLED,8,1,0
2025-08-04,17:00:00,H!,8,0,0
2025-08-04,17:00:00,M,8,0,0
2025-08-04,17:00:00,F,8,0,0
2025-08-05,17:00:00,CANCELLED,8,1,0
2025-08-06,17:00:00,H!,8,0,0
2025-08-06,17:00:00,M,8,0,0
2025-08-06,17:00:00,WBD,8,0,0
2025-08-07,17:00:00,H!,8,0,0
2025-08-07,17:00:00,M,8,0,0
2025-08-08,17:00:00,CANCELLED,8,1,0
2025-08-09,17:00:00,H,8,0,0
2025-08-09,17:00:00,M,8,0,0
2025-08-09,17:00:00,WBD,8,0,0
2025-08-10,17:00:00,H,8,0,0
2025-08-10,17:00:00,M,8,0,0
2025-08-11,17:00:00,H,8,0,0
2025-08-11,17:00:00,M,8,0,0
2025-08-11,17:00:00,WBD,8,0,0
2025-08-12,17:00:00,H,8,0,0
2025-08-12,17:00:00,M,8,0,0
2025-08-13,17:00:00,H,8,0,0
2025-08-13,17:00:00,M,8,0,0
2025-08-13,17:00:00,WBD,8,0,0
2025-08-14,17:00:00,H!,8,0,0
2025-08-14,17:00:00,M,8,0,0
2025-08-15,17:00:00,H,8,0,0
2025-08-15,17:00:00,M,8,0,0
2025-08-16,17:00:00,CANCELLED,8,1,0
2025-08-17,17:00:00,H,8,0,0
2025-08-17,17:00:00,M,8,0,0
2025-08-17,17:00:00,WBD,8,0,0
2025-08-18,17:00:00,H,8,0,0
2025-08-19,17:00:00,H,8,0,0
2025-08-19,17:00:00,M,8,0,0
2025-08-19,17:00:00,WBD,8,0,0
2025-08-19,17:00:00,P,8,0,0
2025-08-20,17:00:00,H,8,0,0
2025-08-20,17:00:00,M,8,0,0
2025-08-21,17:00:00,H,8,0,0
2025-08-21,17:00:00,M,8,0,0
2025-08-21,17:00:00,WBD,8,0,0
2025-08-21,17:00:00,P,8,0,0
2025-08-22,17:00:00,H,8,0,0
2025-08-22,17:00:00,M,8,0,0
2025-08-23,17:00:00,CANCELLED,8,1,0
2025-08-24,17:00:00,H,8,0,0
2025-08-24,17:00:00,M,8,0,0
2025-08-25,17:00:00,H,8,0,0
2025-08-25,17:00:00,M,8,0,0
2025-08-26,17:00:00,CANCELLED,8,1,0
2025-08-27,17:00:00,H,8,0,0
2025-08-27,17:00:00,M,8,0,0
2025-08-27,17:00:00,WBD,8,0,0
2025-08-28,17:00:00,H,8,0,0
2025-08-28,17:00:00,M,8,0,0
2025-08-28,17:00:00,WBD,8,0,0
2025-08-29,17:00:00,H,8,0,0
2025-08-29,17:00:00,M,8,0,0
2025-08-29,17:00:00,WBD,8,0,0
2025-08-30,17:00:00,P,8,0,0
2025-08-30,17:00:00,H!,8,0,0
2025-08-31,17:00:00,CANCELLED,8,1,0
2025-09-01,09:00:00,M,9,0,0
2025-09-01,09:00:00,WBD,9,0,0
2025-09-02,09:00:00,H,9,0,0
2025-09-02,09:00:00,M,9,0,0
2025-09-03,09:00:00,H,9,0,0
2025-09-03,09:00:00,M,9,0,0
2025-09-03,09:00:00,WBD,9,0,0
2025-09-03,09:00:00,P,9,0,0
2025-09-04,09:00:00,H!,9,0,0
2025-09-04,09:00:00,M,9,0,0
2025-09-04,09:00:00,WBD,9,0,0
2025-09-05,09:00:00,H,9,0,0
2025-09-05,09:00:00,M,9,0,0
2025-09-06,09:00:00,H,9,0,0
2025-09-06,09:00:00,M,9,0,0
2025-09-07,09:00:00,CANCELLED,9,1,0
2025-09-08,09:00:00,H,9,0,0
2025-09-08,09:00:00,WBD,9,0,0
2025-09-08,09:00:00,P,9,0,0
2025-09-09,09:00:00,CANCELLED,9,1,0
2025-09-10,09:00:00,H,9,0,0
2025-09-10,09:00:00,M,9,0,0
2025-09-10,09:00:00,WBD,9,0,0
2025-09-11,09:00:00,H,9,0,0
2025-09-11,09:00:00,WBD,9,0,0
2025-09-12,09:00:00,H,9,0,0
2025-09-12,09:00:00,M,9,0,0
2025-09-12,09:00:00,WBD,9,0,0
2025-09-12,09:00:00,P,9,0,0
2025-09-13,09:00:00,M,9,0,0
2025-09-14,09:00:00,H,9,0,0
2025-09-14,09:00:00,M,9,0,0
2025-09-14,09:00:00,WBD,9,0,0
2025-09-14,09:00:00,P,9,0,0
2025-09-15,09:00:00,H,9,0,0
2025-09-15,09:00:00,M,9,0,0
2025-09-15,09:00:00,P,9,0,0
2025-09-16,09:00:00,M,9,0,0
2025-09-16,09:00:00,P,9,0,0
2025-09-17,09:00:00,M,9,0,0
2025-09-18,09:00:00,CANCELLED,9,1,0
2025-09-19,09:00:00,M,9,0,0
2025-09-19,09:00:00,WBD,9,0,0
2025-09-20,09:00:00,M,9,0,0
2025-09-20,09:00:00,WBD,9,0,0
2025-09-21,09:00:00,H,9,0,0
2025-09-22,09:00:00,H,9,0,0
2025-09-22,09:00:00,M,9,0,0
2025-09-23,09:00:00,EK,9,0,0
2025-09-24,09:00:00,H,9,0,0
2025-09-25,09:00:00,H,9,0,0
2025-09-25,09:00:00,M,9,0,0
2025-09-26,09:00:00,CANCELLED,9,1,0
2025-09-27,09:00:00,CANCELLED,9,1,0
2025-09-28,09:00:00,H,9,0,0
2025-09-28,09:00:00,WBD,9,0,0
2025-09-29,09:00:00,CANCELLED,9,1,0
2025-09-30,09:00:00,EK,9,0,0
2025-09-01,10:00:00,CANCELLED,9,1,0
2025-09-02,10:00:00,H,9,0,0
2025-09-03,10:00:00,H,9,0,0
2025-09-03,10:00:00,M,9,0,0
2025-09-04,10:00:00,PRIVATE,9,0,1
2025-09-05,10:00:00,H!,9,0,0
2025-09-05,10:00:00,M,9,0,0
2025-09-05,10:00:00,P,9,0,0
2025-09-06,10:00:00,H,9,0,0
2025-09-06,10:00:00,M,9,0,0
2025-09-06,10:00:00,P,9,0,0
2025-09-07,10:00:00,CANCELLED,9,1,0
2025-09-08,10:00:00,CANCELLED,9,1,0
2025-09-09,10:00:00,CANCELLED,9,1,0
2025-09-10,10:00:00,H,9,0,0
2025-09-10,10:00:00,M,9,0,0
2025-09-10,10:00:00,WBD,9,0,0
2025-09-10,10:00:00,P,9,0,0
2025-09-11,10:00:00,PRIVATE,9,0,1
2025-09-12,10:00:00,M,9,0,0
2025-09-12,10:00:00,H,9,0,0
2025-09-13,10:00:00,CANCELLED,9,1,0
2025-09-14,10:00:00,H,9,0,0
2025-09-14,10:00:00,M,9,0,0
2025-09-14,10:00:00,P,9,0,0
2025-09-15,10:00:00,PRIVATE,9,0,1
2025-09-01,13:00:00,H,9,0,0
2025-09-01,13:00:00,M,9,0,0
2025-09-01,13:00:00,WBD,9,0,0
2025-09-01,13:00:00,P,9,0,0
2025-09-02,13:00:00,H,9,0,0
2025-09-02,13:00:00,M,9,0,0
2025-09-03,13:00:00,H,9,0,0
2025-09-03,13:00:00,M,9,0,0
2025-09-04,13:00:00,H,9,0,0
2025-09-04,13:00:00,M,9,0,0
2025-09-04,13:00:00,WBD,9,0,0
2025-09-04,13:00:00,P,9,0,0
2025-09-05,13:00:00,H,9,0,0
2025-09-05,13:00:00,M,9,0,0
2025-09-05,13:00:00,P,9,0,0
2025-09-06,13:00:00,H,9,0,0
2025-09-06,13:00:00,M,9,0,0
2025-09-07,13:00:00,CANCELLED,9,1,0
2025-09-08,13:00:00,H,9,0,0
2025-09-08,13:00:00,M,9,0,0
2025-09-09,13:00:00,CANCELLED,9,1,0
2025-09-10,13:00:00,H,9,0,0
2025-09-10,13:00:00,M,9,0,0
2025-09-11,13:00:00,H,9,0,0
2025-09-11,13:00:00,M,9,0,0
2025-09-11,13:00:00,WBD,9,0,0
2025-09-12,13:00:00,H,9,0,0
2025-09-12,13:00:00,M,9,0,0
2025-09-13,13:00:00,M,9,0,0
2025-09-13,13:00:00,P,9,0,0
2025-09-14,13:00:00,H,9,0,0
2025-09-14,13:00:00,M,9,0,0
2025-09-14,13:00:00,WBD,9,0,0
2025-09-14,13:00:00,P,9,0,0
2025-09-15,13:00:00,H,9,0,0
2025-09-15,13:00:00,M,9,0,0
2025-09-15,13:00:00,WBD,9,0,0
2025-09-15,13:00:00,P,9,0,0
2025-09-16,13:00:00,H,9,0,0
2025-09-16,13:00:00,M,9,0,0
2025-09-17,13:00:00,H,9,0,0
2025-09-17,13:00:00,M,9,0,0
2025-09-17,13:00:00,P,9,0,0
2025-09-18,13:00:00,CANCELLED,9,1,0
2025-09-19,13:00:00,CANCELLED,9,1,0
2025-09-20,13:00:00,H,9,0,0
2025-09-20,13:00:00,M,9,0,0
2025-09-21,13:00:00,EK,9,0,0
2025-09-22,13:00:00,H,9,0,0
2025-09-23,13:00:00,CANCELLED,9,1,0
2025-09-24,13:00:00,H,9,0,0
2025-09-25,13:00:00,H,9,0,0
2025-09-25,13:00:00,M,9,0,0
2025-09-25,13:00:00,WBD,9,0,0
2025-09-26,13:00:00,CANCELLED,9,1,0
2025-09-27,13:00:00,H,9,0,0
2025-09-28,13:00:00,EK,9,0,0
2025-09-29,13:00:00,H,9,0,0
2025-09-29,13:00:00,M,9,0,0
2025-09-29,13:00:00,WBD,9,0,0
2025-09-30,13:00:00,CANCELLED,9,1,0
2025-09-01,14:00:00,CANCELLED,9,1,0
2025-09-02,14:00:00,H,9,0,0
2025-09-02,14:00:00,P,9,0,0
2025-09-03,14:00:00,CANCELLED,9,1,0
2025-09-04,14:00:00,PRIVATE,9,0,1
2025-09-05,14:00:00,PRIVATE,9,0,1
2025-09-06,14:00:00,PRIVATE,9,0,1
2025-09-07,14:00:00,CANCELLED,9,1,0
2025-09-08,14:00:00,CANCELLED,9,1,0
2025-09-09,14:00:00,CANCELLED,9,1,0
2025-09-10,14:00:00,H,9,0,0
2025-09-10,14:00:00,WBD,9,0,0
2025-09-11,14:00:00,PRIVATE,9,0,1
2025-09-12,14:00:00,CANCELLED,9,1,0
2025-09-13,14:00:00,CANCELLED,9,1,0
2025-09-14,14:00:00,CANCELLED,9,1,0
2025-09-15,14:00:00,PRIVATE,9,0,1
2025-09-01,17:00:00,H,9,0,0
2025-09-01,17:00:00,M,9,0,0
2025-09-01,17:00:00,WBD,9,0,0
2025-09-02,17:00:00,on,9,0,0
2025-09-02,17:00:00,Harpa,9,0,0
2025-09-03,17:00:00,H,9,0,0
2025-09-03,17:00:00,M,9,0,0
2025-09-03,17:00:00,WBD,9,0,0
2025-09-03,17:00:00,P,9,0,0
2025-09-04,17:00:00,H,9,0,0
2025-09-04,17:00:00,M,9,0,0
2025-09-04,17:00:00,WBD,9,0,0
2025-09-04,17:00:00,P,9,0,0
2025-09-05,17:00:00,H,9,0,0
2025-09-05,17:00:00,M,9,0,0
2025-09-06,17:00:00,H,9,0,0
2025-09-06,17:00:00,M,9,0,0
2025-09-06,17:00:00,P,9,0,0
2025-09-07,17:00:00,CANCELLED,9,1,0
2025-09-08,17:00:00,H,9,0,0
2025-09-08,17:00:00,M,9,0,0
2025-09-09,17:00:00,CANCELLED,9,1,0
2025-09-10,17:00:00,PRIVATE,9,0,1
2025-09-11,17:00:00,H,9,0,0
2025-09-11,17:00:00,WBD,9,0,0
2025-09-12,17:00:00,H,9,0,0
2025-09-12,17:00:00,P,9,0,0
2025-09-13,17:00:00,CANCELLED,9,1,0
2025-09-14,17:00:00,CANCELLED,9,1,0
2025-09-15,17:00:00,PRIVATE,9,0,1
2025-09-16,17:00:00,PRIVATE,9,0,1
2025-09-17,17:00:00,CANCELLED,9,1,0
2025-09-18,17:00:00,O,9,0,0
2025-09-19,17:00:00,CANCELLED,9,1,0
2025-09-20,17:00:00,H,9,0,0
2025-09-20,17:00:00,P,9,0,0
2025-09-21,17:00:00,CANCELLED,9,1,0
2025-09-22,17:00:00,H,9,0,0
2025-09-23,17:00:00,CANCELLED,9,1,0
2025-09-24,17:00:00,CANCELLED,9,1,0
2025-09-25,17:00:00,H,9,0,0
2025-09-25,17:00:00,WBD,9,0,0
2025-09-26,17:00:00,CANCELLED,9,1,0
2025-09-27,17:00:00,H!,9,0,0
2025-09-27,17:00:00,M,9,0,0
2025-09-27,17:00:00,WBD,9,0,0
2025-09-28,17:00:00,M,9,0,0
2025-09-29,17:00:00,(On,9,0,0
2025-09-29,17:00:00,Harpa),9,0,0
2025-09-30,17:00:00,CANCELLED,9,1,0
2025-10-01,09:00:00,H,10,0,0
2025-10-01,09:00:00,M,10,0,0
2025-10-01,09:00:00,WBD,10,0,0
2025-10-02,09:00:00,H,10,0,0
2025-10-02,09:00:00,M,10,0,0
2025-10-02,09:00:00,P,10,0,0
2025-10-03,09:00:00,H,10,0,0
2025-10-03,09:00:00,M,10,0,0
2025-10-03,09:00:00,WBD,10,0,0
2025-10-04,09:00:00,CANCELLED,10,1,0
2025-10-05,09:00:00,M,10,0,0
2025-10-06,09:00:00,H,10,0,0
2025-10-06,09:00:00,M,10,0,0
2025-10-07,09:00:00,EK,10,0,0
2025-10-08,09:00:00,CANCELLED,10,1,0
2025-10-09,09:00:00,CANCELLED,10,1,0
2025-10-10,09:00:00,CANCELLED,10,1,0
2025-10-11,09:00:00,H,10,0,0
2025-10-12,09:00:00,H,10,0,0
2025-10-12,09:00:00,M,10,0,0
2025-10-12,09:00:00,P,10,0,0
2025-10-13,09:00:00,H,10,0,0
2025-10-14,09:00:00,H,10,0,0
2025-10-15,09:00:00,H,10,0,0
2025-10-15,09:00:00,M,10,0,0
2025-10-15,09:00:00,P,10,0,0
2025-10-16,09:00:00,H,10,0,0
2025-10-16,09:00:00,M,10,0,0
2025-10-16,09:00:00,P,10,0,0
2025-10-17,09:00:00,H,10,0,0
2025-10-17,09:00:00,M,10,0,0
2025-10-18,09:00:00,H,10,0,0
2025-10-18,09:00:00,M,10,0,0
2025-10-19,09:00:00,M,10,0,0
2025-10-19,09:00:00,WBD,10,0,0
2025-10-20,09:00:00,WBD,10,0,0
2025-10-20,09:00:00,H,10,0,0
2025-10-21,09:00:00,H,10,0,0
2025-10-21,09:00:00,M,10,0,0
2025-10-21,09:00:00,P,10,0,0
2025-10-22,09:00:00,CANCELLED,10,1,0
2025-10-23,09:00:00,H,10,0,0
2025-10-23,09:00:00,M,10,0,0
2025-10-24,09:00:00,H,10,0,0
2025-10-24,09:00:00,M,10,0,0
2025-10-25,09:00:00,H,10,0,0
2025-10-25,09:00:00,M,10,0,0
2025-10-25,09:00:00,P,10,0,0
2025-10-26,09:00:00,H,10,0,0
2025-10-26,09:00:00,M,10,0,0
2025-10-27,09:00:00,H,10,0,0
2025-10-27,09:00:00,HP,10,0,0
2025-10-28,09:00:00,EK,10,0,0
2025-10-29,09:00:00,H!,10,0,0
2025-10-29,09:00:00,M,10,0,0
2025-10-29,09:00:00,P,10,0,0
2025-10-30,09:00:00,H,10,0,0
2025-10-30,09:00:00,M,10,0,0
2025-10-31,09:00:00,CANCELLED,10,1,0
2025-10-01,13:00:00,H,10,0,0
2025-10-01,13:00:00,M,10,0,0
2025-10-01,13:00:00,P,10,0,0
2025-10-02,13:00:00,H,10,0,0
2025-10-02,13:00:00,M,10,0,0
2025-10-02,13:00:00,WBD,10,0,0
2025-10-03,13:00:00,H,10,0,0
2025-10-04,13:00:00,PRIVATE,10,0,1
2025-10-05,13:00:00,EK,10,0,0
2025-10-06,13:00:00,PRIVATE,10,0,1
2025-10-07,13:00:00,H,10,0,0
2025-10-08,13:00:00,PRIVATE,10,0,1
2025-10-09,13:00:00,PRIVATE,10,0,1
2025-10-10,13:00:00,H,10,0,0
2025-10-11,13:00:00,H,10,0,0
2025-10-11,13:00:00,M,10,0,0
2025-10-11,13:00:00,P,10,0,0
2025-10-12,13:00:00,M,10,0,0
2025-10-12,13:00:00,H,10,0,0
2025-10-12,13:00:00,P,10,0,0
2025-10-13,13:00:00,H,10,0,0
2025-10-13,13:00:00,M,10,0,0
2025-10-14,13:00:00,H,10,0,0
2025-10-15,13:00:00,H,10,0,0
2025-10-15,13:00:00,M,10,0,0
2025-10-16,13:00:00,H,10,0,0
2025-10-16,13:00:00,M,10,0,0
2025-10-17,13:00:00,H,10,0,0
2025-10-17,13:00:00,M,10,0,0
2025-10-17,13:00:00,P,10,0,0
2025-10-18,13:00:00,M,10,0,0
2025-10-18,13:00:00,WBD,10,0,0
2025-10-18,13:00:00,H,10,0,0
2025-10-19,13:00:00,M,10,0,0
2025-10-20,13:00:00,WBD,10,0,0
2025-10-20,13:00:00,H,10,0,0
2025-10-20,13:00:00,M,10,0,0
2025-10-21,13:00:00,H,10,0,0
2025-10-21,13:00:00,M,10,0,0
2025-10-22,13:00:00,CANCELLED,10,1,0
2025-10-23,13:00:00,H,10,0,0
2025-10-23,13:00:00,M,10,0,0
2025-10-24,13:00:00,H,10,0,0
2025-10-24,13:00:00,M,10,0,0
2025-10-25,13:00:00,H,10,0,0
2025-10-26,13:00:00,H,10,0,0
2025-10-26,13:00:00,M,10,0,0
2025-10-27,13:00:00,H,10,0,0
2025-10-28,13:00:00,EK,10,0,0
2025-10-29,13:00:00,H,10,0,0
2025-10-30,13:00:00,H,10,0,0
2025-10-30,13:00:00,M,10,0,0
2025-10-31,13:00:00,CANCELLED,10,1,0
2025-11-01,09:00:00,H,11,0,0
2025-11-02,09:00:00,WBD,11,0,0
2025-11-02,09:00:00,P,11,0,0
2025-11-03,09:00:00,H,11,0,0
2025-11-04,09:00:00,H,11,0,0
2025-11-05,09:00:00,H,11,0,0
2025-11-06,09:00:00,H,11,0,0
2025-11-06,09:00:00,P,11,0,0
2025-11-07,09:00:00,H,11,0,0
2025-11-07,09:00:00,M,11,0,0
2025-11-07,09:00:00,P,11,0,0
2025-11-07,09:00:00,WBD,11,0,0
2025-11-08,09:00:00,H,11,0,0
2025-11-08,09:00:00,M,11,0,0
2025-11-09,09:00:00,M,11,0,0
2025-11-09,09:00:00,H,11,0,0
2025-11-10,09:00:00,H,11,0,0
2025-11-11,09:00:00,H,11,0,0
2025-11-11,09:00:00,M,11,0,0
2025-11-12,09:00:00,on,11,0,0
2025-11-12,09:00:00,Harpa,11,0,0
2025-11-13,09:00:00,H,11,0,0
2025-11-13,09:00:00,M,11,0,0
2025-11-13,09:00:00,P,11,0,0
2025-11-14,09:00:00,H,11,0,0
2025-11-15,09:00:00,H,11,0,0
2025-11-01,13:00:00,H,11,0,0
2025-11-01,13:00:00,M,11,0,0
2025-11-02,13:00:00,H!,11,0,0
2025-11-02,13:00:00,M,11,0,0
2025-11-03,13:00:00,H,11,0,0
2025-11-03,13:00:00,M,11,0,0
2025-11-04,13:00:00,H,11,0,0
2025-11-04,13:00:00,M,11,0,0
2025-11-05,13:00:00,H,11,0,0
2025-11-05,13:00:00,M,11,0,0
2025-11-06,13:00:00,H!,11,0,0
2025-11-06,13:00:00,M,11,0,0
2025-11-06,13:00:00,P,11,0,0
2025-11-07,13:00:00,M,11,0,0
2025-11-07,13:00:00,H,11,0,0
2025-11-08,13:00:00,H,11,0,0
2025-11-08,13:00:00,P,11,0,0
2025-11-09,13:00:00,M,11,0,0
2025-11-09,13:00:00,H,11,0,0
2025-11-10,13:00:00,H,11,0,0
2025-11-10,13:00:00,M,11,0,0
2025-11-11,13:00:00,H,11,0,0
2025-11-11,13:00:00,M,11,0,0
2025-11-12,13:00:00,H,11,0,0
2025-11-13,13:00:00,H,11,0,0
2025-11-13,13:00:00,M,11,0,0
2025-11-13,13:00:00,P,11,0,0
2025-11-14,13:00:00,H,11,0,0
2025-11-14,13:00:00,M,11,0,0
2025-11-15,13:00:00,H,11,0,0
2025-11-16,13:00:00,H,11,0,0
2025-11-17,13:00:00,H,11,0,0
2025-11-17,13:00:00,M,11,0,0
2025-11-18,13:00:00,H,11,0,0
2025-11-18,13:00:00,WBD,11,0,0
2025-11-19,13:00:00,H,11,0,0
2025-11-19,13:00:00,L,11,0,0
2025-11-20,13:00:00,H,11,0,0
2025-11-21,13:00:00,H,11,0,0
2025-11-22,13:00:00,H,11,0,0
2025-11-22,13:00:00,M,11,0,0
2025-11-22,13:00:00,P,11,0,0
2025-11-23,13:00:00,H,11,0,0
2025-11-23,13:00:00,P,11,0,0
2025-11-24,13:00:00,H,11,0,0
2025-11-25,13:00:00,H,11,0,0
2025-11-26,13:00:00,H,11,0,0
2025-11-26,13:00:00,P,11,0,0
2025-11-27,13:00:00,H,11,0,0
2025-11-28,13:00:00,H,11,0,0
2025-11-29,13:00:00,H,11,0,0
2025-11-30,13:00:00,CANCELLED,11,1,0
2025-12-01,13:00:00,H,12,0,0
2025-12-02,13:00:00,H,12,0,0
2025-12-02,13:00:00,P,12,0,0
2025-12-03,13:00:00,H,12,0,0
2025-12-03,13:00:00,WBD,12,0,0
2025-12-04,13:00:00,H,12,0,0
2025-12-05,13:00:00,H,12,0,0
2025-12-05,13:00:00,P,12,0,0
2025-12-06,13:00:00,H,12,0,0
2025-12-06,13:00:00,WBD,12,0,0
2025-12-07,13:00:00,H!,12,0,0
2025-12-08,13:00:00,H,12,0,0
2025-12-09,13:00:00,H,12,0,0
2025-12-09,13:00:00,WBD,12,0,0
2025-12-10,13:00:00,WBD,12,0,0
2025-12-10,13:00:00,H,12,0,0
2025-12-11,13:00:00,CANCELLED,12,1,0
2025-12-12,13:00:00,H,12,0,0
2025-12-12,13:00:00,WBD,12,0,0
2025-12-13,13:00:00,H,12,0,0
2025-12-14,13:00:00,H,12,0,0
2025-12-14,13:00:00,WBD,12,0,0
2025-12-15,13:00:00,H,12,0,0
2025-12-16,13:00:00,H,12,0,0
2025-12-17,13:00:00,CANCELLED,12,1,0
2025-12-18,13:00:00,H,12,0,0
2025-12-19,13:00:00,H,12,0,0
2025-12-20,13:00:00,H,12,0,0
2025-12-21,13:00:00,H,12,0,0
2025-12-22,13:00:00,H,12,0,0
2025-12-23,13:00:00,EK,12,0,0
2030-12-24,13:00:00,H,12,0,0
2025-12-25,13:00:00,H,12,0,0
2025-12-26,13:00:00,H,12,0,0
2025-12-27,13:00:00,H,12,0,0
2025-12-28,13:00:00,H,12,0,0
2025-12-29,13:00:00,H,12,0,0
2025-12-29,13:00:00,P,12,0,0
2025-12-30,13:00:00,H,12,0,0
2025-12-31,13:00:00,H,12,0,0
